{
  "warmup": {
    "train_loss_history": [
      0.9210279768421537,
      0.39823428967169355,
      0.36722869816280546,
      0.36260731802100227,
      0.34789741819813136,
      0.34360405022189733,
      0.34834485820361544,
      0.3314065876461211,
      0.3270125509727569,
      0.33025534947713214,
      0.3365040911095483,
      0.3266243359872273,
      0.33718823322228025,
      0.32771403236048563,
      0.3297222497917357,
      0.32087160646915436,
      0.32165396497363136,
      0.30375769379593076,
      0.31561206848848433,
      0.30372429497185205,
      0.3043030642327808,
      0.31419832365853445,
      0.3029919933705103,
      0.29962197159017834,
      0.2926383281037921,
      0.3019870399009614,
      0.33591212261290776,
      0.30370483582928065,
      0.28471624567395165,
      0.29712251183532534
    ],
    "val_rmse_history": [
      9.64971656115779,
      9.2947866754867,
      8.877316489124427,
      8.711965159051916,
      8.754286058399806,
      8.713235828818567,
      8.585732169357621,
      8.576637375943399,
      8.729755121250932,
      8.700948945036012,
      8.68503798489929,
      8.564869894860626,
      8.82684481501734,
      8.59387544232688,
      8.531643499735349,
      8.458849314681746,
      8.580408427288313,
      8.556764587205194,
      8.638256903339693,
      8.440839879594584,
      8.410541340486507,
      8.45147725824615,
      8.493155070280096,
      8.446844369140594,
      8.441326798305585,
      8.775485936184797,
      8.539818827863595,
      8.304572583930993,
      8.339075746891249,
      8.32251557590777
    ],
    "best_metrics": {
      "mae": 5.566015258380624,
      "rmse": 8.304572583930993,
      "mape": 37.00319799060938,
      "r2": 0.7391370833709481
    },
    "epochs_run": 30
  },
  "rounds": [
    {
      "round": 1,
      "discriminator_fit": {
        "train_loss": 0.20523298414582475,
        "validation_loss": 0.22738504060480436,
        "epochs_run": 64,
        "epoch_train_losses": [
          0.39708546144791873,
          0.37794760953216733,
          0.36218947336326157,
          0.3464755572070158,
          0.3329008956412543,
          0.3228908628157137,
          0.31599424792792474,
          0.30771839186332933,
          0.3000285772589683,
          0.2938210277751629,
          0.2869756794544766,
          0.2786106148963768,
          0.2761361662200308,
          0.26948581154097606,
          0.26521343561823774,
          0.262301319277628,
          0.2595529598870565,
          0.2560506849524676,
          0.2523009767862409,
          0.24823735709081327,
          0.24731650429338767,
          0.24310925669491087,
          0.23926561854594383,
          0.23591415128519863,
          0.23333173296516985,
          0.23319185628357886,
          0.2336730839368979,
          0.23041523418528692,
          0.2279493561032004,
          0.22841304747026978,
          0.22790814734477152,
          0.22479511533199525,
          0.22537171704042588,
          0.22405228205395863,
          0.222437881568347,
          0.22221210606457822,
          0.22173691401314527,
          0.22112579628120604,
          0.22068651610159337,
          0.21945138413444704,
          0.21945159853518395,
          0.21744718004851432,
          0.2165673906570042,
          0.2169676412298849,
          0.21680954561526364,
          0.21489613240195546,
          0.21484630836545832,
          0.21425486155916487,
          0.21279967804997973,
          0.2128168008999252,
          0.21136953081884927,
          0.21130406124818837,
          0.21064309009797103,
          0.21426647019981812,
          0.2105593299973479,
          0.2100949150899963,
          0.20811431111291523,
          0.20777256680497588,
          0.2087634734056878,
          0.2109121573729047,
          0.20712731321640884,
          0.20708839119680622,
          0.2046660102364937,
          0.20523298414582475
        ],
        "epoch_val_losses": [
          0.42868364358010136,
          0.4132134921477027,
          0.4010108542917805,
          0.38859613339062793,
          0.3774105155116152,
          0.36935044377720255,
          0.36037154225860013,
          0.356100585051362,
          0.3443671078425356,
          0.3368689692098927,
          0.3299316530442212,
          0.32223919536452866,
          0.3142934538653511,
          0.3062039633752673,
          0.30481500068584344,
          0.29948278383762483,
          0.2983534136833395,
          0.2922846121745634,
          0.28894077634755616,
          0.2799873058092355,
          0.2780269167528905,
          0.2767108864954745,
          0.270492628490964,
          0.26877327757549146,
          0.26639084533685664,
          0.2642189984572665,
          0.26291416261289713,
          0.26157609496964346,
          0.2595300812072531,
          0.2619372043369837,
          0.2618772128672151,
          0.2598846321009861,
          0.2559322884048797,
          0.25495167870436725,
          0.25489698265238725,
          0.25425558232866013,
          0.25187384416626113,
          0.25196416441116265,
          0.25132329855321217,
          0.25027123971164417,
          0.24656557003540122,
          0.24707222758212743,
          0.2460697315843731,
          0.2464420112739454,
          0.24414091252309583,
          0.24208923354508363,
          0.24092289884910645,
          0.24127469806421156,
          0.24037560501192723,
          0.23887114041093696,
          0.23839658101495925,
          0.23777299411691666,
          0.2341935188305516,
          0.23402623095640557,
          0.23576433164199487,
          0.23313187289851342,
          0.23359970145504247,
          0.23061298266338692,
          0.23110153736148767,
          0.2354836732963026,
          0.23033180814389953,
          0.2275391266110275,
          0.22891615095179474,
          0.22738504060480436
        ]
      },
      "generator_fit": {
        "train_loss_history": [
          0.6502803876286462,
          0.410566984187989,
          0.37546486372039434,
          0.3430663003098397,
          0.3320381788625604,
          0.3190130790074666,
          0.3063392128263201,
          0.31266501333032337,
          0.25436033202069147,
          0.26522352262621834,
          0.27470766717479345,
          0.25248195976018906,
          0.28704995271705447,
          0.25710833595976945,
          0.21955566924242748,
          0.23865766911989167,
          0.20001165444652239,
          0.2210453843609208,
          0.17123650812676974,
          0.16958246894535564,
          0.15750232019594737,
          0.16100420252907843,
          0.1644455570550192,
          0.13510570799311003,
          0.12719247667562394,
          0.10898140463091079
        ],
        "val_rmse_history": [
          8.222609362466228,
          8.732783687832779,
          8.691116645107694,
          8.424230022047443,
          8.45824747441974,
          8.09358210454406,
          8.157589051048882,
          8.291856530558473,
          7.840026076189186,
          8.149878580682612,
          7.725918158467892,
          7.800942181961552,
          7.951019950241475,
          7.556229387653938,
          7.872261719092087,
          7.43387727382682,
          7.257949008574522,
          7.431454774536969,
          7.432175384864966,
          7.351454833699484,
          7.3967789880611186,
          7.179973154426609,
          7.108892383887244,
          6.970750265566253,
          6.809417308312777,
          6.757975347449182
        ],
        "best_metrics": {
          "mae": 4.364658465157472,
          "rmse": 6.757975347449182,
          "mape": 26.580079339517965,
          "r2": 0.8272528140490796
        },
        "epochs_run": 26
      }
    },
    {
      "round": 2,
      "discriminator_fit": {
        "train_loss": 0.23972053995666834,